[
  {
    "cred": {
      "credentials": {
        "key_id": "AKIAJJOWS7GIVI55CZ2Q",
        "secret": "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",
        "region": "eu-west-1"
      },
      "identities": [
        "admin@insaatsistemi.com",
        "info@insaatsistemi.com",
        "panel@ozver.com.tr"
      ],
      "quota": {
        "Max24HourSend": "50000.0",
        "SentLast24Hours": "0.0",
        "MaxSendRate": "14.0"
      },
      "entries": {
        "entry": [
          {
            "key": "info@insaatsistemi.com",
            "value": {
              "VerificationStatus": "Success"
            }
          },
          {
            "key": "admin@insaatsistemi.com",
            "value": {
              "VerificationStatus": "Success"
            }
          },
          {
            "key": "panel@ozver.com.tr",
            "value": {
              "VerificationStatus": "Success"
            }
          }
        ]
      }
    },
    "from": [
      {
        "email": "admin@insaatsistemi.com",
        "status": "FAIL"
      },
      {
        "email": "info@insaatsistemi.com",
        "status": "FAIL"
      },
      {
        "email": "panel@ozver.com.tr",
        "status": "FAIL"
      }
    ]
  },
  {
    "cred": {
      "credentials": {
        "key_id": "AKIAXZG6PFKAACQXCQWU",
        "secret": "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",
        "region": "us-east-1"
      },
      "identities": [
        "kajiyama@oblik.co.jp",
        "no-reply@1note.co.jp"
      ],
      "quota": {
        "Max24HourSend": "50000.0",
        "SentLast24Hours": "0.0",
        "MaxSendRate": "14.0"
      },
      "entries": {
        "entry": [
          {
            "key": "no-reply@1note.co.jp",
            "value": {
              "VerificationStatus": "Success"
            }
          },
          {
            "key": "kajiyama@oblik.co.jp",
            "value": {
              "VerificationStatus": "Success"
            }
          }
        ]
      }
    },
    "from": [
      {
        "email": "kajiyama@oblik.co.jp",
        "status": "FAIL"
      },
      {
        "email": "no-reply@1note.co.jp",
        "status": "FAIL"
      }
    ]
  },
  {
    "cred": {
      "credentials": {
        "key_id": "AKIAXZG6PFKAACQXCQWU",
        "secret": "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",
        "region": "us-east-1"
      },
      "identities": [
        "kajiyama@oblik.co.jp",
        "no-reply@1note.co.jp"
      ],
      "quota": {
        "Max24HourSend": "50000.0",
        "SentLast24Hours": "0.0",
        "MaxSendRate": "14.0"
      },
      "entries": {
        "entry": [
          {
            "key": "no-reply@1note.co.jp",
            "value": {
              "VerificationStatus": "Success"
            }
          },
          {
            "key": "kajiyama@oblik.co.jp",
            "value": {
              "VerificationStatus": "Success"
            }
          }
        ]
      }
    },
    "from": [
      {
        "email": "kajiyama@oblik.co.jp",
        "status": "FAIL"
      },
      {
        "email": "no-reply@1note.co.jp",
        "status": "FAIL"
      }
    ]
  },
  {
    "cred": {
      "credentials": {
        "key_id": "AKIAI72IFB6YF2BSGTJQ",
        "secret": "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",
        "region": "us-east-1"
      },
      "identities": [
        "support@novadex.co",
        "admin@hellohygo.com"
      ],
      "quota": {
        "Max24HourSend": "89300.0",
        "SentLast24Hours": "8.0",
        "MaxSendRate": "16.0"
      },
      "entries": {
        "entry": [
          {
            "key": "support@novadex.co",
            "value": {
              "VerificationStatus": "Success"
            }
          },
          {
            "key": "admin@hellohygo.com",
            "value": {
              "VerificationStatus": "Success"
            }
          }
        ]
      }
    },
    "from": [
      {
        "email": "support@novadex.co",
        "status": "OK"
      },
      {
        "email": "admin@hellohygo.com",
        "status": "OK"
      }
    ]
  },
  {
    "cred": {
      "credentials": {
        "key_id": "AKIAXZG6PFKAACQXCQWU",
        "secret": "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",
        "region": "us-east-1"
      },
      "identities": [
        "kajiyama@oblik.co.jp",
        "no-reply@1note.co.jp"
      ],
      "quota": {
        "Max24HourSend": "50000.0",
        "SentLast24Hours": "0.0",
        "MaxSendRate": "14.0"
      },
      "entries": {
        "entry": [
          {
            "key": "no-reply@1note.co.jp",
            "value": {
              "VerificationStatus": "Success"
            }
          },
          {
            "key": "kajiyama@oblik.co.jp",
            "value": {
              "VerificationStatus": "Success"
            }
          }
        ]
      }
    },
    "from": [
      {
        "email": "kajiyama@oblik.co.jp",
        "status": "FAIL"
      },
      {
        "email": "no-reply@1note.co.jp",
        "status": "FAIL"
      }
    ]
  },
  {
    "cred": {
      "credentials": {
        "key_id": "AKIAYZU3V5QY65K2IV6S",
        "secret": "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",
        "region": "us-east-1"
      },
      "identities": [
        "joaquin.alvarado@softologia.com",
        "debora.sudanez@softlogia.com",
        "oscar.urbina.tellez@gmail.com",
        "deb.sudaez@gmail.com",
        "diego@abctax.com.mx",
        "oscar.urbina@abctax.com.mx"
      ],
      "quota": {
        "Max24HourSend": "50000.0",
        "SentLast24Hours": "0.0",
        "MaxSendRate": "14.0"
      },
      "entries": {
        "entry": [
          {
            "key": "diego@abctax.com.mx",
            "value": {
              "VerificationStatus": "Success"
            }
          },
          {
            "key": "oscar.urbina@abctax.com.mx",
            "value": {
              "VerificationStatus": "Success"
            }
          },
          {
            "key": "joaquin.alvarado@softologia.com",
            "value": {
              "VerificationStatus": "Failed"
            }
          },
          {
            "key": "debora.sudanez@softlogia.com",
            "value": {
              "VerificationStatus": "Success"
            }
          },
          {
            "key": "oscar.urbina.tellez@gmail.com",
            "value": {
              "VerificationStatus": "Success"
            }
          },
          {
            "key": "deb.sudaez@gmail.com",
            "value": {
              "VerificationStatus": "Success"
            }
          }
        ]
      }
    },
    "from": [
      {
        "email": "joaquin.alvarado@softologia.com",
        "status": "FAIL"
      },
      {
        "email": "debora.sudanez@softlogia.com",
        "status": "FAIL"
      },
      {
        "email": "oscar.urbina.tellez@gmail.com",
        "status": "FAIL"
      },
      {
        "email": "deb.sudaez@gmail.com",
        "status": "FAIL"
      },
      {
        "email": "diego@abctax.com.mx",
        "status": "FAIL"
      },
      {
        "email": "oscar.urbina@abctax.com.mx",
        "status": "FAIL"
      }
    ]
  },
  {
    "cred": {
      "credentials": {
        "key_id": "AKIAYZU3V5QY65K2IV6S",
        "secret": "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",
        "region": "us-east-1"
      },
      "identities": [
        "joaquin.alvarado@softologia.com",
        "debora.sudanez@softlogia.com",
        "oscar.urbina.tellez@gmail.com",
        "deb.sudaez@gmail.com",
        "diego@abctax.com.mx",
        "oscar.urbina@abctax.com.mx"
      ],
      "quota": {
        "Max24HourSend": "50000.0",
        "SentLast24Hours": "0.0",
        "MaxSendRate": "14.0"
      },
      "entries": {
        "entry": [
          {
            "key": "diego@abctax.com.mx",
            "value": {
              "VerificationStatus": "Success"
            }
          },
          {
            "key": "oscar.urbina@abctax.com.mx",
            "value": {
              "VerificationStatus": "Success"
            }
          },
          {
            "key": "joaquin.alvarado@softologia.com",
            "value": {
              "VerificationStatus": "Failed"
            }
          },
          {
            "key": "debora.sudanez@softlogia.com",
            "value": {
              "VerificationStatus": "Success"
            }
          },
          {
            "key": "oscar.urbina.tellez@gmail.com",
            "value": {
              "VerificationStatus": "Success"
            }
          },
          {
            "key": "deb.sudaez@gmail.com",
            "value": {
              "VerificationStatus": "Success"
            }
          }
        ]
      }
    },
    "from": [
      {
        "email": "joaquin.alvarado@softologia.com",
        "status": "FAIL"
      },
      {
        "email": "debora.sudanez@softlogia.com",
        "status": "FAIL"
      },
      {
        "email": "oscar.urbina.tellez@gmail.com",
        "status": "FAIL"
      },
      {
        "email": "deb.sudaez@gmail.com",
        "status": "FAIL"
      },
      {
        "email": "diego@abctax.com.mx",
        "status": "FAIL"
      },
      {
        "email": "oscar.urbina@abctax.com.mx",
        "status": "FAIL"
      }
    ]
  },
  {
    "cred": {
      "credentials": {
        "key_id": "AKIAJF6U5IFC5H37V3YA",
        "secret": "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",
        "region": "sa-east-1"
      },
      "identities": [
        "brunomx01@gmail.com",
        "app@bigprofy.com"
      ],
      "quota": {
        "Max24HourSend": "200.0",
        "SentLast24Hours": "0.0",
        "MaxSendRate": "1.0"
      },
      "entries": {
        "entry": [
          {
            "key": "app@bigprofy.com",
            "value": {
              "VerificationStatus": "Success"
            }
          },
          {
            "key": "brunomx01@gmail.com",
            "value": {
              "VerificationStatus": "Success"
            }
          }
        ]
      }
    },
    "from": [
      {
        "email": "brunomx01@gmail.com",
        "status": "FAIL"
      },
      {
        "email": "app@bigprofy.com",
        "status": "FAIL"
      }
    ]
  },
  {
    "cred": {
      "credentials": {
        "key_id": "AKIAYTQDJ4L7FUSLR2QA",
        "secret": "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",
        "region": "us-east-1"
      },
      "identities": [
        "no-reply@galdermaus.m3idash.com",
        "tfujii@m3-group.com",
        "jwhitehurst@m3-group.com",
        "mst@m3-group.com"
      ],
      "quota": {
        "Max24HourSend": "50000.0",
        "SentLast24Hours": "12.0",
        "MaxSendRate": "14.0"
      },
      "entries": {
        "entry": [
          {
            "key": "jwhitehurst@m3-group.com",
            "value": {
              "VerificationStatus": "Success"
            }
          },
          {
            "key": "no-reply@galdermaus.m3idash.com",
            "value": {
              "VerificationStatus": "Success"
            }
          },
          {
            "key": "tfujii@m3-group.com",
            "value": {
              "VerificationStatus": "Success"
            }
          },
          {
            "key": "mst@m3-group.com",
            "value": {
              "VerificationStatus": "Success"
            }
          }
        ]
      }
    },
    "from": [
      {
        "email": "no-reply@galdermaus.m3idash.com",
        "status": "OK"
      },
      {
        "email": "tfujii@m3-group.com",
        "status": "OK"
      },
      {
        "email": "jwhitehurst@m3-group.com",
        "status": "OK"
      },
      {
        "email": "mst@m3-group.com",
        "status": "OK"
      }
    ]
  },
  {
    "cred": {
      "credentials": {
        "key_id": "AKIA3IOA2KEAMCDRSMVD",
        "secret": "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",
        "region": "us-east-2"
      },
      "identities": [
        "shayan.chakraborty@hih7.in",
        "webdeveloper@hih7.com"
      ],
      "quota": {
        "Max24HourSend": "200.0",
        "SentLast24Hours": "0.0",
        "MaxSendRate": "1.0"
      },
      "entries": {
        "entry": [
          {
            "key": "webdeveloper@hih7.com",
            "value": {
              "VerificationStatus": "Success"
            }
          },
          {
            "key": "shayan.chakraborty@hih7.in",
            "value": {
              "VerificationStatus": "Success"
            }
          }
        ]
      }
    },
    "from": [
      {
        "email": "shayan.chakraborty@hih7.in",
        "status": "FAIL"
      },
      {
        "email": "webdeveloper@hih7.com",
        "status": "FAIL"
      }
    ]
  },
  {
    "cred": {
      "credentials": {
        "key_id": "AKIAJWY76CIY7DX6KJ7Q",
        "secret": "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",
        "region": "us-east-1"
      },
      "identities": [
        "agendinhas@gmail.com",
        "janasol@gmail.com",
        "trabsleo@gmail.com",
        "drogapet.df.sis@gmail.com",
        "leosol@gmail.com"
      ],
      "quota": {
        "Max24HourSend": "50000.0",
        "SentLast24Hours": "0.0",
        "MaxSendRate": "14.0"
      },
      "entries": {
        "entry": [
          {
            "key": "trabsleo@gmail.com",
            "value": {
              "VerificationStatus": "Success"
            }
          },
          {
            "key": "leosol@gmail.com",
            "value": {
              "VerificationStatus": "Success"
            }
          },
          {
            "key": "janasol@gmail.com",
            "value": {
              "VerificationStatus": "Success"
            }
          },
          {
            "key": "drogapet.df.sis@gmail.com",
            "value": {
              "VerificationStatus": "Success"
            }
          },
          {
            "key": "agendinhas@gmail.com",
            "value": {
              "VerificationStatus": "Success"
            }
          }
        ]
      }
    },
    "from": [
      {
        "email": "agendinhas@gmail.com",
        "status": "FAIL"
      },
      {
        "email": "janasol@gmail.com",
        "status": "FAIL"
      },
      {
        "email": "trabsleo@gmail.com",
        "status": "FAIL"
      },
      {
        "email": "drogapet.df.sis@gmail.com",
        "status": "FAIL"
      },
      {
        "email": "leosol@gmail.com",
        "status": "FAIL"
      }
    ]
  },
  {
    "cred": {
      "credentials": {
        "key_id": "AKIAJKO6F7ROGSIZFCOA",
        "secret": "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",
        "region": "us-east-1"
      },
      "identities": [
        "support@tmambemail.com",
        "no-reply@smtpdispatch.com"
      ],
      "quota": {
        "Max24HourSend": "50000.0",
        "SentLast24Hours": "1.0",
        "MaxSendRate": "14.0"
      },
      "entries": {
        "entry": [
          {
            "key": "no-reply@smtpdispatch.com",
            "value": {
              "VerificationStatus": "Failed"
            }
          },
          {
            "key": "support@tmambemail.com",
            "value": {
              "VerificationStatus": "Success"
            }
          }
        ]
      }
    },
    "from": [
      {
        "email": "support@tmambemail.com",
        "status": "OK"
      },
      {
        "email": "no-reply@smtpdispatch.com",
        "status": "FAIL"
      }
    ]
  },
  {
    "cred": {
      "credentials": {
        "key_id": "AKIAWSGUQF6DVTLPU3C3",
        "secret": "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",
        "region": "us-east-1"
      },
      "identities": [
        "cs@therundown.app",
        "kontol@therundown.app",
        "no-reply@therundown.app",
        "cs@therundow.com"
      ],
      "quota": {
        "Max24HourSend": "68800.0",
        "SentLast24Hours": "0.0",
        "MaxSendRate": "15.0"
      },
      "entries": {
        "entry": [
          {
            "key": "no-reply@therundown.app",
            "value": {
              "VerificationStatus": "Success"
            }
          },
          {
            "key": "cs@therundow.com",
            "value": {
              "VerificationStatus": "Failed"
            }
          },
          {
            "key": "kontol@therundown.app",
            "value": {
              "VerificationStatus": "Failed"
            }
          },
          {
            "key": "cs@therundown.app",
            "value": {
              "VerificationStatus": "Failed"
            }
          }
        ]
      }
    },
    "from": [
      {
        "email": "cs@therundown.app",
        "status": "FAIL"
      },
      {
        "email": "kontol@therundown.app",
        "status": "FAIL"
      },
      {
        "email": "no-reply@therundown.app",
        "status": "FAIL"
      },
      {
        "email": "cs@therundow.com",
        "status": "FAIL"
      }
    ]
  },
  {
    "cred": {
      "credentials": {
        "key_id": "AKIAWHNSMYLLZ67L2DUN",
        "secret": "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",
        "region": "us-east-1"
      },
      "identities": [
        "redbomexico@gmail.com",
        "omar.toledo@select.com.mx"
      ],
      "quota": {
        "Max24HourSend": "69400.0",
        "SentLast24Hours": "0.0",
        "MaxSendRate": "14.0"
      },
      "entries": {
        "entry": [
          {
            "key": "omar.toledo@select.com.mx",
            "value": {
              "VerificationStatus": "Success"
            }
          },
          {
            "key": "redbomexico@gmail.com",
            "value": {
              "VerificationStatus": "Success"
            }
          }
        ]
      }
    },
    "from": [
      {
        "email": "redbomexico@gmail.com",
        "status": "FAIL"
      },
      {
        "email": "omar.toledo@select.com.mx",
        "status": "FAIL"
      }
    ]
  },
  {
    "cred": {
      "credentials": {
        "key_id": "AKIATNT2JP2CKZISURHN",
        "secret": "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",
        "region": "eu-west-2"
      },
      "identities": [
        "office@nikomi.co.uk"
      ],
      "quota": {
        "Max24HourSend": "50000.0",
        "SentLast24Hours": "0.0",
        "MaxSendRate": "14.0"
      },
      "entries": {
        "entry": {
          "key": "office@nikomi.co.uk",
          "value": {
            "VerificationStatus": "Success"
          }
        }
      }
    },
    "from": [
      {
        "email": "office@nikomi.co.uk",
        "status": "FAIL"
      }
    ]
  },
  {
    "cred": {
      "credentials": {
        "key_id": "AKIATZ23YHU3UMIGLDIE",
        "secret": "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",
        "region": "us-east-1"
      },
      "identities": [
        "mcuellar@ipxserver.com",
        "yerson.copa@ipxserver.com"
      ],
      "quota": {
        "Max24HourSend": "200.0",
        "SentLast24Hours": "0.0",
        "MaxSendRate": "1.0"
      },
      "entries": {
        "entry": [
          {
            "key": "mcuellar@ipxserver.com",
            "value": {
              "VerificationStatus": "Success"
            }
          },
          {
            "key": "yerson.copa@ipxserver.com",
            "value": {
              "VerificationStatus": "Success"
            }
          }
        ]
      }
    },
    "from": [
      {
        "email": "mcuellar@ipxserver.com",
        "status": "FAIL"
      },
      {
        "email": "yerson.copa@ipxserver.com",
        "status": "FAIL"
      }
    ]
  },
  {
    "cred": {
      "credentials": {
        "key_id": "AKIAWSGUQF6DVTLPU3C3",
        "secret": "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",
        "region": "us-east-1"
      },
      "identities": [
        "cs@therundown.app",
        "kontol@therundown.app",
        "no-reply@therundown.app",
        "cs@therundow.com"
      ],
      "quota": {
        "Max24HourSend": "68800.0",
        "SentLast24Hours": "0.0",
        "MaxSendRate": "15.0"
      },
      "entries": {
        "entry": [
          {
            "key": "no-reply@therundown.app",
            "value": {
              "VerificationStatus": "Success"
            }
          },
          {
            "key": "cs@therundow.com",
            "value": {
              "VerificationStatus": "Failed"
            }
          },
          {
            "key": "kontol@therundown.app",
            "value": {
              "VerificationStatus": "Failed"
            }
          },
          {
            "key": "cs@therundown.app",
            "value": {
              "VerificationStatus": "Failed"
            }
          }
        ]
      }
    },
    "from": [
      {
        "email": "cs@therundown.app",
        "status": "FAIL"
      },
      {
        "email": "kontol@therundown.app",
        "status": "FAIL"
      },
      {
        "email": "no-reply@therundown.app",
        "status": "FAIL"
      },
      {
        "email": "cs@therundow.com",
        "status": "FAIL"
      }
    ]
  },
  {
    "cred": {
      "credentials": {
        "key_id": "AKIAVYVZ2LWQJZGYVVN4",
        "secret": "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",
        "region": "us-east-1"
      },
      "identities": [
        "anand@mysattva.com",
        "giovinca@mysattva.com",
        "webmaster@sattvaconnect.com",
        "giovincaid@hotmail.com"
      ],
      "quota": {
        "Max24HourSend": "50000.0",
        "SentLast24Hours": "0.0",
        "MaxSendRate": "14.0"
      },
      "entries": {
        "entry": [
          {
            "key": "giovinca@mysattva.com",
            "value": {
              "VerificationStatus": "Pending"
            }
          },
          {
            "key": "webmaster@sattvaconnect.com",
            "value": {
              "VerificationStatus": "Success"
            }
          },
          {
            "key": "giovincaid@hotmail.com",
            "value": {
              "VerificationStatus": "Success"
            }
          },
          {
            "key": "anand@mysattva.com",
            "value": {
              "VerificationStatus": "Success"
            }
          }
        ]
      }
    },
    "from": [
      {
        "email": "anand@mysattva.com",
        "status": "FAIL"
      },
      {
        "email": "giovinca@mysattva.com",
        "status": "FAIL"
      },
      {
        "email": "webmaster@sattvaconnect.com",
        "status": "FAIL"
      },
      {
        "email": "giovincaid@hotmail.com",
        "status": "FAIL"
      }
    ]
  },
  {
    "cred": {
      "credentials": {
        "key_id": "AKIAJLNREG5WY3IRKMHA",
        "secret": "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",
        "region": "ap-northeast-1"
      },
      "identities": [
        "reserve@retty.co.jp",
        "yosuke-nakanishi@retty.me",
        "free_account@retty.me",
        "cs@retty.me",
        "info@retty.me",
        "reserve+user@retty.me",
        "reserve+testing@retty.me",
        "owner-info@retty.me",
        "reserve@retty.me"
      ],
      "quota": {
        "Max24HourSend": "50000.0",
        "SentLast24Hours": "2.0",
        "MaxSendRate": "14.0"
      },
      "entries": {
        "entry": [
          {
            "key": "free_account@retty.me",
            "value": {
              "VerificationStatus": "Success"
            }
          },
          {
            "key": "owner-info@retty.me",
            "value": {
              "VerificationStatus": "Success"
            }
          },
          {
            "key": "cs@retty.me",
            "value": {
              "VerificationStatus": "Success"
            }
          },
          {
            "key": "reserve+testing@retty.me",
            "value": {
              "VerificationStatus": "Success"
            }
          },
          {
            "key": "reserve+user@retty.me",
            "value": {
              "VerificationStatus": "Success"
            }
          },
          {
            "key": "yosuke-nakanishi@retty.me",
            "value": {
              "VerificationStatus": "Success"
            }
          },
          {
            "key": "reserve@retty.me",
            "value": {
              "VerificationStatus": "Success"
            }
          },
          {
            "key": "reserve@retty.co.jp",
            "value": {
              "VerificationStatus": "Success"
            }
          },
          {
            "key": "info@retty.me",
            "value": {
              "VerificationStatus": "Success"
            }
          }
        ]
      }
    },
    "from": [
      {
        "email": "reserve@retty.co.jp",
        "status": "OK"
      },
      {
        "email": "yosuke-nakanishi@retty.me",
        "status": "OK"
      },
      {
        "email": "free_account@retty.me",
        "status": "OK"
      },
      {
        "email": "cs@retty.me",
        "status": "OK"
      },
      {
        "email": "info@retty.me",
        "status": "OK"
      },
      {
        "email": "reserve+user@retty.me",
        "status": "OK"
      },
      {
        "email": "reserve+testing@retty.me",
        "status": "OK"
      },
      {
        "email": "owner-info@retty.me",
        "status": "OK"
      },
      {
        "email": "reserve@retty.me",
        "status": "OK"
      }
    ]
  },
  {
    "cred": {
      "credentials": {
        "key_id": "AKIA2KRBSVLUYKKOWRMQ",
        "secret": "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",
        "region": "ap-south-1"
      },
      "identities": [
        "cyrusvjack@gmail.com",
        "webdeveloper@hih7.com",
        "biswabrata@hih7.com",
        "gsquad@medicaltou.tk"
      ],
      "quota": {
        "Max24HourSend": "50000.0",
        "SentLast24Hours": "0.0",
        "MaxSendRate": "14.0"
      },
      "entries": {
        "entry": [
          {
            "key": "cyrusvjack@gmail.com",
            "value": {
              "VerificationStatus": "Failed"
            }
          },
          {
            "key": "webdeveloper@hih7.com",
            "value": {
              "VerificationStatus": "Success"
            }
          },
          {
            "key": "gsquad@medicaltou.tk",
            "value": {
              "VerificationStatus": "Failed"
            }
          },
          {
            "key": "biswabrata@hih7.com",
            "value": {
              "VerificationStatus": "Success"
            }
          }
        ]
      }
    },
    "from": [
      {
        "email": "cyrusvjack@gmail.com",
        "status": "FAIL"
      },
      {
        "email": "webdeveloper@hih7.com",
        "status": "FAIL"
      },
      {
        "email": "biswabrata@hih7.com",
        "status": "FAIL"
      },
      {
        "email": "gsquad@medicaltou.tk",
        "status": "FAIL"
      }
    ]
  },
  {
    "cred": {
      "credentials": {
        "key_id": "AKIAJRM6SHXYKL7HWPEA",
        "secret": "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",
        "region": "eu-west-1"
      },
      "identities": [
        "commercial@ccm-emballage.com",
        "contact@adomicil.fr",
        "info@lucasandlucas.fr",
        "francoise.gandon@fedeverre.fr",
        "no-reply@car-encheres.fr"
      ],
      "quota": {
        "Max24HourSend": "111100.0",
        "SentLast24Hours": "0.0",
        "MaxSendRate": "20.0"
      },
      "entries": {
        "entry": [
          {
            "key": "commercial@ccm-emballage.com",
            "value": {
              "VerificationStatus": "Success"
            }
          },
          {
            "key": "no-reply@car-encheres.fr",
            "value": {
              "VerificationStatus": "Failed"
            }
          },
          {
            "key": "contact@adomicil.fr",
            "value": {
              "VerificationStatus": "Success"
            }
          },
          {
            "key": "info@lucasandlucas.fr",
            "value": {
              "VerificationStatus": "Success"
            }
          },
          {
            "key": "francoise.gandon@fedeverre.fr",
            "value": {
              "VerificationStatus": "Success"
            }
          }
        ]
      }
    },
    "from": [
      {
        "email": "commercial@ccm-emballage.com",
        "status": "FAIL"
      },
      {
        "email": "contact@adomicil.fr",
        "status": "FAIL"
      },
      {
        "email": "info@lucasandlucas.fr",
        "status": "FAIL"
      },
      {
        "email": "francoise.gandon@fedeverre.fr",
        "status": "FAIL"
      },
      {
        "email": "no-reply@car-encheres.fr",
        "status": "FAIL"
      }
    ]
  }
]
